{ 
    "sounds.tp": { "category": "master", "sounds": [ "custom_sounds/tp" ] },
    "sounds.wind": { "category": "master", "sounds": [ "custom_sounds/wind" ] },
    "sounds.hit_block": { "category": "master", "sounds": [ "custom_sounds/hit_block" ] },
    "songs.cyberpunk.main": { "category": "master", "sounds": [ "custom_sounds/songs/cyberpunk/main" ] },
    "songs.world.bells": { "category": "master", "sounds": [ "custom_sounds/songs/open_world/main" ] },
    "songs.world.beep_boop": { "category": "master", "sounds": [ "custom_sounds/songs/open_world/beep_boop" ] },
    "songs.world.explore": { "category": "master", "sounds": [ "custom_sounds/songs/open_world/explore" ] }
    
}
